{
  "project_info": {
    "project_number": "123456789000",
    "project_id": "selrahmak-app",
    "storage_bucket": "selrahmak-app.appspot.com"
  },
  "client": [
    {
      "client_info": {
        "mobilesdk_app_id": "1:123456789000:android:abcdef123456",
        "android_client_info": {
          "package_name": "com.selrahmak.app"
        }
      },
      "oauth_client": [],
      "api_key": [
        {
          "current_key": "AIzaSyDummy_Key_Replace_With_Real_Firebase_Key"
        }
      ],
      "services": {
        "appinvite_service": {
          "other_platform_oauth_client": []
        }
      }
    }
  ],
  "configuration_version": "1"
}
